ablation,groups,mean_assumption_diagnosis_accuracy,ci95_assumption_diagnosis_accuracy,mean_unsafe_affordance_rejection_recall,ci95_unsafe_affordance_rejection_recall,mean_false_rejection_rate,ci95_false_rejection_rate,mean_calibration_error,ci95_calibration_error,mean_test_informativeness,ci95_test_informativeness,mean_task_success,ci95_task_success,mean_physical_violation_rate,ci95_physical_violation_rate,mean_damage_spill_collision_rate,ci95_damage_spill_collision_rate,mean_test_query_cost,ci95_test_query_cost,mean_human_query_burden,ci95_human_query_burden,mean_planning_regret_to_oracle,ci95_planning_regret_to_oracle
geometry_only_affordance_tests,245,0.39207,0.00664,0.18172,0.00595,0.18864,0.01034,0.04920,0.00464,0.04438,0.00087,0.46994,0.00711,0.35663,0.00777,0.11391,0.00489,0.01178,0.00022,0.00000,0.00000,0.27292,0.00321
language_only_common_sense,245,0.33493,0.00706,0.02277,0.00214,0.02442,0.00510,0.04546,0.00434,0.00112,0.00009,0.38024,0.00695,0.38493,0.00777,0.12607,0.00476,0.00100,0.00008,0.00000,0.00000,0.31487,0.00321
minus_assumption_family_parser,245,0.31906,0.00576,0.22652,0.00622,0.21816,0.01150,0.03737,0.00350,0.07050,0.00103,0.51396,0.00736,0.34722,0.00745,0.11340,0.00491,0.01538,0.00021,0.00000,0.00000,0.24854,0.00311
minus_calibration,245,0.54754,0.00666,0.47983,0.00859,0.48399,0.01324,0.25636,0.00670,0.07324,0.00119,0.57992,0.00670,0.30000,0.00748,0.08553,0.00441,0.01598,0.00024,0.00000,0.00000,0.20677,0.00293
minus_cost_model,245,0.55705,0.00648,0.57662,0.00755,0.57787,0.01480,0.09830,0.00624,0.09545,0.00122,0.60835,0.00669,0.27955,0.00670,0.07968,0.00403,0.03109,0.00036,0.00000,0.00000,0.19110,0.00266
minus_executable_probe,245,0.51596,0.00647,0.13890,0.00538,0.12976,0.00887,0.08638,0.00595,0.00000,0.00000,0.47342,0.00735,0.36554,0.00772,0.11447,0.00435,0.00000,0.00000,0.00000,0.00000,0.26775,0.00319
proposed_executable_common_sense_tests,245,0.54893,0.00697,0.42169,0.00761,0.43330,0.01445,0.09771,0.00653,0.06911,0.00116,0.57263,0.00721,0.31688,0.00757,0.08850,0.00406,0.01508,0.00024,0.00000,0.00000,0.21453,0.00284
